insert into sew.account (id, password, username)
values  (1, '$2a$10$JDvrAAyJaIUjFqkqS7op9.BWsozrC0O1cHoL74t7hdx/9Or.bxFnC', 'Sami'),
        (2, '$2a$10$h/F.Li59hhf0OVZE3u.y0OZGPrKhpgDX4uZwZ4ovXmdXS8yzviZSa', 'Max Mustermann');
insert into sew.movieinfos (id, genres, imdbrating, plot, posterurl, stars, title, trailerurl, type, year)
values  ('tt0944947', 'Action, Adventure, Drama, Fantasy', 9.3, 'In the mythical continent of Westeros, several powerful families fight for control of the Seven Kingdoms. As conflict erupts in the kingdoms of men, an ancient enemy rises once again to threaten them all. Meanwhile, the last heirs of a recently usurped dynasty plot to take back their homeland from across the Narrow Sea.', 'https://imdb-api.com/images/original/MV5BYTRiNDQwYzAtMzVlZS00NTI5LWJjYjUtMzkwNTUzMWMxZTllXkEyXkFqcGdeQXVyNDIzMzcwNjc@._V1_Ratio0.7313_AL_.jpg', 'Emilia Clarke, Peter Dinklage, Kit Harington, Lena Headey', 'Game of Thrones', 'https://www.imdb.com/video/imdb/vi1509866521/imdb/embed', 'TVSeries', '2011'),
        ('tt0119174', 'Drama, Mystery, Thriller', 7.7, 'Nicholas Van Orton is a very wealthy San Francisco banker, but he is an absolute loner, even spending his birthday alone. In the year of his 48th birthday (the age his father committed suicide) his brother Conrad, who has gone long ago and surrendered to addictions of all kinds, suddenly returns and gives Nicholas a card giving him entry to unusual entertainment provided by something called Consumer Recreation Services (CRS). Giving in to curiosity, Nicholas visits CRS and all kinds of weird and bad things start to happen to him.', 'https://imdb-api.com/images/original/MV5BZGVmMDNmYmEtNGQ2Mi00Y2ZhLThhZTYtYjE5YmQzMjZiZGMxXkEyXkFqcGdeQXVyNDk3NzU2MTQ@._V1_Ratio0.7117_AL_.jpg', 'Michael Douglas, Deborah Kara Unger, Sean Penn', 'The Game', 'https://www.imdb.com/video/imdb/vi3301942297/imdb/embed', 'Movie', '1997'),
        ('tt10919420', 'Action, Drama, Mystery', 8, 'A story of people who fail at life for various reasons, but suddenly receive a mysterious invitation to participate in a survival game to win more than 38 million US dollars. The game takes place at an isolated island and the participants are locked up until there is a final winner. The story will incorporate popular children''s games from the 1970s and 1980s of Korea, such as squid game, literal translation of its Korean name, which is a type of tag where offense and defense use a squid-shaped board drawn in the dirt.', 'https://imdb-api.com/images/original/MV5BYWE3MDVkN2EtNjQ5MS00ZDQ4LTliNzYtMjc2YWMzMDEwMTA3XkEyXkFqcGdeQXVyMTEzMTI1Mjk3._V1_Ratio0.6762_AL_.jpg', 'Lee Jung-jae, Park Hae-soo, Wi Ha-Joon', 'Squid Game', 'https://www.imdb.com/video/imdb/vi2427699993/imdb/embed', 'TVSeries', '2021'),
        ('tt2704998', 'Action, Comedy, Crime', 6.9, 'Married competitive gamer couple Max and Annie are trying to have a child, but their attempts are unsuccessful due to Max''s stress surrounding his feelings of inadequacy when compared to his successful, attractive brother Brooks. During Max and Annie''s routine weekend game night with their friends Ryan, and married couple Kevin and Michelle, Brooks shows up Max by arriving in a Corvette Stingray (Max''s dream car) and sharing an embarrassing childhood story about Max. Brooks offers to host the next game night at a house he''s renting while he''s in town. Meanwhile, Max and Annie are trying to keep their game nights secret from their neighbor Gary, an awkward police officer after his divorce from their friend Debbie..', 'https://imdb-api.com/images/original/MV5BMjI3ODkzNDk5MF5BMl5BanBnXkFtZTgwNTEyNjY2NDM@._V1_Ratio0.6762_AL_.jpg', 'Jason Bateman, Rachel McAdams, Kyle Chandler', 'Game Night', 'https://www.imdb.com/video/imdb/vi2748495897/imdb/embed', 'Movie', '2018'),
        ('tt0241527', 'Adventure, Family, Fantasy', 7.6, 'This is the tale of Harry Potter (Daniel Radcliffe), an ordinary eleven-year-old boy serving as a sort of slave for his aunt and uncle who learns that he is actually a wizard and has been invited to attend the Hogwarts School for Witchcraft and Wizardry. Harry is snatched away from his mundane existence by Rubeus Hagrid (Robbie Coltrane), the groundskeeper for Hogwarts, and quickly thrown into a world completely foreign to both him and the viewer. Famous for an incident that happened at his birth, Harry makes friends easily at his new school. He soon finds, however, that the wizarding world is far more dangerous for him than he would have imagined, and he quickly learns that not all wizards are ones to be trusted.', 'https://imdb-api.com/images/original/MV5BNjQ3NWNlNmQtMTE5ZS00MDdmLTlkZjUtZTBlM2UxMGFiMTU3XkEyXkFqcGdeQXVyNjUwNzk3NDc@._V1_Ratio0.6762_AL_.jpg', 'Daniel Radcliffe, Rupert Grint, Richard Harris', 'Harry Potter and the Sorcerer''s Stone', 'https://www.imdb.com/video/imdb/vi3115057433/imdb/embed', 'Movie', '2001'),
        ('tt0304141', 'Adventure, Family, Fantasy', 7.9, 'Harry Potter (Daniel Radcliffe) is having a tough time with his relatives (yet again). He runs away after using magic to inflate Uncle Vernon''s (Richard Griffiths'') sister Marge (Pam Ferris), who was being offensive towards Harry''s parents. Initially scared for using magic outside the school, he is pleasantly surprised that he won''t be penalized after all. However, he soon learns that a dangerous criminal and Voldemort''s trusted aide Sirius Black (Gary Oldman) has escaped from Azkaban Prison and wants to kill Harry to avenge the Dark Lord. To worsen the conditions for Harry, vile creatures called Dementors are appointed to guard the school gates and inexplicably happen to have the most horrible effect on him. Little does Harry know that by the end of this year, many holes in his past (whatever he knows of it) will be filled up and he will have a clearer vision of what the future has in store.', 'https://imdb-api.com/images/original/MV5BMTY4NTIwODg0N15BMl5BanBnXkFtZTcwOTc0MjEzMw@@._V1_Ratio0.6762_AL_.jpg', 'Daniel Radcliffe, Emma Watson, Rupert Grint', 'Harry Potter and the Prisoner of Azkaban', 'https://www.imdb.com/video/imdb/vi2007761177/imdb/embed', 'Movie', '2004'),
        ('tt0417741', 'Action, Adventure, Family', 7.6, 'In Harry Potter''s (Daniel Radcliffe''s) sixth year at Hogwarts School of Witchcraft, he finds a book marked mysteriously, "This book is the property of the Half Blood Prince", which helps him excel at Potions class and teaches him a few dark and dangerous ones along the way. Meanwhile, Harry is taking private lessons with Dumbledore (Sir Michael Gambon) in order to find out about Voldemort''s (Ralph Fiennes'') past so they can find out what might be his only weakness.', 'https://imdb-api.com/images/original/MV5BNzU3NDg4NTAyNV5BMl5BanBnXkFtZTcwOTg2ODg1Mg@@._V1_Ratio0.6762_AL_.jpg', 'Daniel Radcliffe, Emma Watson, Rupert Grint', 'Harry Potter and the Half-Blood Prince', 'https://www.imdb.com/video/imdb/vi1061421849/imdb/embed', 'Movie', '2009'),
        ('tt1201607', 'Adventure, Fantasy, Mystery', 8.1, 'Harry (Daniel Radcliffe), Ron (Rupert Grint), and Hermione (Emma Watson) continue their quest of finding and destroying Voldemort''s (Ralph Fiennes'') three remaining Horcruxes, the magical items responsible for his immortality. But as the mystical Deathly Hallows are uncovered, and Voldemort finds out about their mission, the biggest battle begins, and life as they know it will never be the same again.', 'https://imdb-api.com/images/original/MV5BMGVmMWNiMDktYjQ0Mi00MWIxLTk0N2UtN2ZlYTdkN2IzNDNlXkEyXkFqcGdeQXVyODE5NzE3OTE@._V1_Ratio0.6762_AL_.jpg', 'Daniel Radcliffe, Emma Watson, Rupert Grint', 'Harry Potter and the Deathly Hallows: Part 2', 'https://www.imdb.com/video/imdb/vi128621593/imdb/embed', 'Movie', '2011'),
        ('tt0167260', 'Action, Adventure, Drama', 8.9, 'The final confrontation between the forces of good and evil fighting for control of the future of Middle-earth. Frodo and Sam reach Mordor in their quest to destroy the One Ring, while Aragorn leads the forces of good against Sauron''s evil army at the stone city of Minas Tirith.', 'https://imdb-api.com/images/original/MV5BNzA5ZDNlZWMtM2NhNS00NDJjLTk4NDItYTRmY2EwMWZlMTY3XkEyXkFqcGdeQXVyNzkwMjQ5NzM@._V1_Ratio0.6762_AL_.jpg', 'Elijah Wood, Viggo Mortensen, Ian McKellen', 'The Lord of the Rings: The Return of the King', 'https://www.imdb.com/video/imdb/vi718127897/imdb/embed', 'Movie', '2003'),
        ('tt0120737', 'Action, Adventure, Drama', 8.8, 'An ancient Ring thought lost for centuries has been found, and through a strange twist of fate has been given to a small Hobbit named Frodo. When Gandalf discovers the Ring is in fact the One Ring of the Dark Lord Sauron, Frodo must make an epic quest to the Cracks of Doom in order to destroy it. However, he does not go alone. He is joined by Gandalf, Legolas the elf, Gimli the Dwarf, Aragorn, Boromir, and his three Hobbit friends Merry, Pippin, and Samwise. Through mountains, snow, darkness, forests, rivers and plains, facing evil and danger at every corner the Fellowship of the Ring must go. Their quest to destroy the One Ring is the only hope for the end of the Dark Lords reign.', 'https://imdb-api.com/images/original/MV5BN2EyZjM3NzUtNWUzMi00MTgxLWI0NTctMzY4M2VlOTdjZWRiXkEyXkFqcGdeQXVyNDUzOTQ5MjY@._V1_Ratio0.6762_AL_.jpg', 'Elijah Wood, Ian McKellen, Orlando Bloom', 'The Lord of the Rings: The Fellowship of the Ring', 'https://www.imdb.com/video/imdb/vi684573465/imdb/embed', 'Movie', '2001'),
        ('tt1170358', 'Adventure, Fantasy', 7.8, 'After successfully crossing over (and under) the Misty Mountains, Thorin and Company must seek aid from a powerful stranger before taking on the dangers of Mirkwood Forest--without their Wizard. If they reach the human settlement of Lake-town it will be time for the hobbit Bilbo Baggins to fulfill his contract with the dwarves. The party must complete the journey to Lonely Mountain and burglar Baggins must seek out the Secret Door that will give them access to the hoard of the dragon Smaug. And, where has Gandalf got off to? And what is his secret business to the south?', 'https://imdb-api.com/images/original/MV5BMzU0NDY0NDEzNV5BMl5BanBnXkFtZTgwOTIxNDU1MDE@._V1_Ratio0.6762_AL_.jpg', 'Ian McKellen, Martin Freeman, Richard Armitage', 'The Hobbit: The Desolation of Smaug', 'https://www.imdb.com/video/imdb/vi2165155865/imdb/embed', 'Movie', '2013'),
        ('tt5095030', 'Action, Adventure, Comedy', 7, 'In the aftermath of Captain America: Civil War (2016), Scott Lang grapples with the consequences of his choices as both a superhero and a father. As he struggles to rebalance his home life with his responsibilities as Ant-Man, he''s confronted by Hope van Dyne and Dr. Hank Pym with an urgent new mission. Scott must once again put on the suit and learn to fight alongside The Wasp as the team works together to uncover secrets from their past.', 'https://imdb-api.com/images/original/MV5BYjcyYTk0N2YtMzc4ZC00Y2E0LWFkNDgtNjE1MzZmMGE1YjY1XkEyXkFqcGdeQXVyMTMxODk2OTU@._V1_Ratio0.6762_AL_.jpg', 'Paul Rudd, Evangeline Lilly, Michael Peña', 'Ant-Man and the Wasp', 'https://www.imdb.com/video/imdb/vi4137138969/imdb/embed', 'Movie', '2018'),
        ('tt5463162', 'Action, Adventure, Comedy', 7.7, 'After losing Vanessa (Morena Baccarin), the love of his life, 4th-wall breaking mercenary Wade Wilson aka Deadpool (Ryan Reynolds) must assemble a team and protect a young, fat mutant Russell Collins aka Firefist (Julian Dennison) from Cable (Josh Brolin), a no-nonsense, dangerous cyborg from the future, and must also learn the most important lesson of all: to be part of a family again.', 'https://imdb-api.com/images/original/MV5BMDkzNmRhNTMtZDI4NC00Zjg1LTgxM2QtMjYxZDQ3OWJlMDRlXkEyXkFqcGdeQXVyNTU5MjkzMTU@._V1_Ratio0.6762_AL_.jpg', 'Ryan Reynolds, Josh Brolin, Morena Baccarin', 'Deadpool 2', 'https://www.imdb.com/video/imdb/vi2984557081/imdb/embed', 'Movie', '2018'),
        ('tt1959563', 'Action, Comedy, Crime', 6.9, 'With his reputation in tatters after the painfully unsuccessful delivery of a distinguished Japanese client, the former triple-A protection agent, Michael Bryce, is now reduced to a mere second-class bodyguard for hire, two years after the disgraceful incident. Under those circumstances, Bryce would do anything to prove his worth, and, before long, he accepts an offer from Interpol to escort the international assassin, Darius Kincaid, from Manchester to the Hague. The task seems simple: Bryce needs to transport him from point A to point B; nevertheless, the trip to the Netherlands is long and hazardous, and Kincaid--as the only one with the guts and enough hard evidence to testify against a tyrannical Belarusian dictator--is an obvious target. Undoubtedly, it''s a tough job, as the mismatched duo will have to put aside their grudges, and race against the clock in a non-stop concerto for bullets. Can the hitman''s bodyguard carry through the most important mission in his career?', 'https://imdb-api.com/images/original/MV5BMjQ5NjA2NDg1MV5BMl5BanBnXkFtZTgwMDAzNDc4MjI@._V1_Ratio0.6762_AL_.jpg', 'Ryan Reynolds, Samuel L. Jackson, Gary Oldman', 'The Hitman''s Bodyguard', 'https://www.imdb.com/video/imdb/vi2425141529/imdb/embed', 'Movie', '2017'),
        ('tt0103359', 'Animation, Action, Adventure', 9, 'Heir to the Wayne family fortune, Bruce Wayne (Kevin Conroy) lives by day as a seemingly lavish playboy millionaire socialite, but by night assumes the role of his crime-fighting alter-ego: the caped crusader known as The Batman. Throughout the show, Batman receives help from sidekicks Dick Grayson/Robin (Loren Lester) and Barbara Gordon/Batgirl (Melissa Gilbert), as well as Police Commissioner James Gordon (Bob Hastings), in protecting the streets of Gotham City from a large rogue''s gallery of criminals, lunatics, and nemeses.', 'https://imdb-api.com/images/original/MV5BOTM3MTRkZjQtYjBkMy00YWE1LTkxOTQtNDQyNGY0YjYzNzAzXkEyXkFqcGdeQXVyOTgwMzk1MTA@._V1_Ratio0.6762_AL_.jpg', 'Kevin Conroy, Loren Lester, Efrem Zimbalist Jr.', 'Batman: The Animated Series', 'https://www.imdb.com/video/imdb/vi1675207961/imdb/embed', 'TVSeries', '1992');
insert into sew.watchlist (liked, seen, time, movieinfos_id, account_id)
values  (true, true, '2022-01-17 08:18:03.938459', 'tt0944947', 1),
        (true, false, '2022-01-17 08:18:14.427172', 'tt0119174', 1),
        (false, true, '2022-01-17 08:18:28.599866', 'tt10919420', 1),
        (false, true, '2022-01-17 08:18:39.530884', 'tt2704998', 1),
        (true, true, '2022-01-17 08:18:57.950866', 'tt0241527', 1),
        (false, false, '2022-01-17 08:19:05.000304', 'tt0304141', 1),
        (false, true, '2022-01-17 08:19:13.804965', 'tt0417741', 1),
        (true, false, '2022-01-17 08:19:36.573824', 'tt1201607', 1),
        (true, false, '2022-01-17 08:20:08.111585', 'tt0167260', 1),
        (false, false, '2022-01-17 08:20:18.686008', 'tt0120737', 1),
        (false, false, '2022-01-17 08:21:00.829198', 'tt1170358', 1),
        (false, false, '2022-01-17 08:24:10.547674', 'tt5463162', 2),
        (false, false, '2022-01-17 08:24:40.786884', 'tt1959563', 2),
        (true, false, '2022-01-17 08:27:06.277607', 'tt0103359', 2);